t;x;x_d;x_dd;x_ddd;x_dddd;F
0.000000;0.000000;0.000000;0.000000;0.000000;18.810000;10.000000
0.010000;0.000000;0.000003;0.000905;0.177413;16.712505;9.970045
0.020000;0.000000;0.000024;0.003482;0.335004;14.841449;9.940180
0.030000;0.000001;0.000078;0.007546;0.474914;13.172410;9.910404
0.040000;0.000002;0.000179;0.012928;0.599052;11.683599;9.880717
0.050000;0.000004;0.000340;0.019480;0.709122;10.355578;9.851119
0.060000;0.000009;0.000572;0.027069;0.806641;9.171003;9.821610
0.070000;0.000016;0.000885;0.035576;0.892968;8.114405;9.792190
0.080000;0.000027;0.001286;0.044895;0.969310;7.171978;9.762857
0.090000;0.000042;0.001785;0.054932;1.036746;6.331409;9.733612
0.100000;0.000063;0.002387;0.065603;1.096240;5.581712;9.704455
0.110000;0.000090;0.003099;0.076833;1.148651;4.913085;9.675386
0.120000;0.000125;0.003925;0.088555;1.194743;4.316785;9.646403
0.130000;0.000169;0.004871;0.100709;1.235201;3.785009;9.617507
0.140000;0.000223;0.005941;0.113243;1.270635;3.310798;9.588698
0.150000;0.000288;0.007137;0.126107;1.301588;2.887943;9.559975
0.160000;0.000366;0.008464;0.139261;1.328546;2.510904;9.531338
0.170000;0.000458;0.009923;0.152666;1.351942;2.174740;9.502787
0.180000;0.000565;0.011518;0.166289;1.372162;1.875041;9.474321
0.190000;0.000689;0.013250;0.180100;1.389551;1.607874;9.445941
0.200000;0.000831;0.015120;0.194072;1.404417;1.369729;9.417645
0.210000;0.000992;0.017132;0.208181;1.417032;1.157476;9.389435
0.220000;0.001174;0.019284;0.222406;1.427643;0.968322;9.361309
0.230000;0.001378;0.021580;0.236728;1.436467;0.799774;9.333267
0.240000;0.001606;0.024019;0.251130;1.443700;0.649610;9.305309
0.250000;0.001859;0.026603;0.265597;1.449514;0.515847;9.277435
0.260000;0.002138;0.029331;0.280116;1.454065;0.396714;9.249644
0.270000;0.002446;0.032205;0.294675;1.457492;0.290634;9.221937
0.280000;0.002783;0.035225;0.309262;1.459917;0.196197;9.194313
0.290000;0.003151;0.038391;0.323870;1.461450;0.112148;9.166771
0.300000;0.003551;0.041702;0.338489;1.462191;0.037366;9.139312
0.310000;0.003985;0.045160;0.353111;1.462225;-0.029150;9.111935
0.320000;0.004455;0.048765;0.367731;1.461632;-0.088292;9.084640
0.330000;0.004961;0.052515;0.382342;1.460481;-0.140855;9.057427
0.340000;0.005506;0.056411;0.396939;1.458835;-0.187550;9.030296
0.350000;0.006090;0.060454;0.411517;1.456748;-0.229011;9.003245
0.360000;0.006715;0.064642;0.426073;1.454270;-0.265801;8.976276
0.370000;0.007383;0.068975;0.440602;1.451445;-0.298426;8.949387
0.380000;0.008095;0.073454;0.455101;1.448314;-0.327336;8.922580
0.390000;0.008853;0.078077;0.469567;1.444910;-0.352932;8.895852
0.400000;0.009657;0.082845;0.483998;1.441265;-0.375571;8.869204
0.410000;0.010510;0.087757;0.498392;1.437407;-0.395574;8.842637
0.420000;0.011413;0.092813;0.512746;1.433361;-0.413225;8.816148
0.430000;0.012367;0.098012;0.527058;1.429150;-0.428778;8.789740
0.440000;0.013374;0.103354;0.541328;1.424792;-0.442461;8.763410
0.450000;0.014434;0.108838;0.555554;1.420306;-0.454476;8.737159
0.460000;0.015551;0.114465;0.569734;1.415707;-0.465002;8.710987
0.470000;0.016724;0.120233;0.583868;1.411010;-0.474202;8.684893
0.480000;0.017956;0.126142;0.597954;1.406227;-0.482219;8.658877
0.490000;0.019248;0.132191;0.611992;1.401369;-0.489181;8.632940
0.500000;0.020600;0.138381;0.625981;1.396447;-0.495202;8.607080
0.510000;0.022016;0.144711;0.639921;1.391468;-0.500385;8.581297
0.520000;0.023495;0.151180;0.653810;1.386442;-0.504820;8.555592
0.530000;0.025040;0.157787;0.667649;1.381374;-0.508589;8.529964
0.540000;0.026651;0.164532;0.681438;1.376272;-0.511764;8.504412
0.550000;0.028331;0.171416;0.695175;1.371140;-0.514410;8.478937
0.560000;0.030080;0.178436;0.708860;1.365985;-0.516584;8.453538
0.570000;0.031900;0.185593;0.722494;1.360810;-0.518338;8.428216
0.580000;0.033792;0.192885;0.736076;1.355620;-0.519718;8.402969
0.590000;0.035758;0.200314;0.749607;1.350417;-0.520764;8.377798
0.600000;0.037799;0.207877;0.763085;1.345205;-0.521514;8.352702
0.610000;0.039916;0.215575;0.776511;1.339988;-0.521999;8.327682
0.620000;0.042111;0.223407;0.789885;1.334766;-0.522249;8.302736
0.630000;0.044385;0.231373;0.803206;1.329543;-0.522290;8.277865
0.640000;0.046739;0.239471;0.816475;1.324321;-0.522144;8.253069
0.650000;0.049175;0.247702;0.829692;1.319101;-0.521834;8.228347
0.660000;0.051693;0.256065;0.842857;1.313885;-0.521376;8.203699
0.670000;0.054296;0.264559;0.855970;1.308674;-0.520787;8.179124
0.680000;0.056985;0.273184;0.869031;1.303469;-0.520082;8.154624
0.690000;0.059760;0.281940;0.882040;1.298273;-0.519275;8.130196
0.700000;0.062624;0.290825;0.894996;1.293084;-0.518376;8.105842
0.710000;0.065577;0.299839;0.907901;1.287905;-0.517396;8.081561
0.720000;0.068621;0.308983;0.920755;1.282737;-0.516344;8.057353
0.730000;0.071757;0.318254;0.933556;1.277579;-0.515229;8.033217
0.740000;0.074987;0.327654;0.946306;1.272432;-0.514058;8.009154
0.750000;0.078311;0.337180;0.959005;1.267298;-0.512838;7.985162
0.760000;0.081731;0.346834;0.971652;1.262176;-0.511574;7.961243
0.770000;0.085248;0.356613;0.984248;1.257066;-0.510272;7.937395
0.780000;0.088864;0.366518;0.996794;1.251970;-0.508936;7.913618
0.790000;0.092579;0.376549;1.009288;1.246888;-0.507570;7.889913
0.800000;0.096395;0.386704;1.021731;1.241819;-0.506179;7.866279
0.810000;0.100313;0.396983;1.034124;1.236764;-0.504765;7.842715
0.820000;0.104335;0.407386;1.046467;1.231724;-0.503332;7.819222
0.830000;0.108461;0.417913;1.058759;1.226698;-0.501882;7.795800
0.840000;0.112694;0.428561;1.071001;1.221686;-0.500417;7.772447
0.850000;0.117033;0.439332;1.083193;1.216689;-0.498940;7.749165
0.860000;0.121481;0.450225;1.095334;1.211707;-0.497453;7.725952
0.870000;0.126038;0.461239;1.107427;1.206740;-0.495956;7.702809
0.880000;0.130706;0.472373;1.119469;1.201788;-0.494452;7.679735
0.890000;0.135486;0.483628;1.131463;1.196851;-0.492942;7.656731
0.900000;0.140379;0.495003;1.143406;1.191929;-0.491427;7.633795
0.910000;0.145386;0.506496;1.155301;1.187023;-0.489907;7.610928
0.920000;0.150509;0.518108;1.167147;1.182131;-0.488385;7.588129
0.930000;0.155749;0.529839;1.178944;1.177255;-0.486861;7.565399
0.940000;0.161106;0.541687;1.190692;1.172394;-0.485336;7.542737
0.950000;0.166583;0.553653;1.202392;1.167548;-0.483810;7.520143
0.960000;0.172180;0.565735;1.214043;1.162718;-0.482283;7.497616
0.970000;0.177898;0.577933;1.225646;1.157903;-0.480757;7.475157
0.980000;0.183739;0.590248;1.237201;1.153103;-0.479232;7.452765
0.990000;0.189703;0.602677;1.248708;1.148318;-0.477708;7.430440
1.000000;0.195793;0.615222;1.260168;1.143549;-0.476185;7.408182
1.010000;0.202008;0.627880;1.271579;1.138794;-0.474665;7.385991
1.020000;0.208351;0.640653;1.282944;1.134055;-0.473147;7.363866
1.030000;0.214822;0.653539;1.294260;1.129331;-0.471631;7.341808
1.040000;0.221422;0.666538;1.305530;1.124623;-0.470118;7.319815
1.050000;0.228153;0.679649;1.316753;1.119929;-0.468608;7.297889
1.060000;0.235015;0.692873;1.327929;1.115250;-0.467101;7.276028
1.070000;0.242011;0.706208;1.339058;1.110587;-0.465597;7.254233
1.080000;0.249140;0.719654;1.350141;1.105939;-0.464097;7.232502
1.090000;0.256404;0.733211;1.361177;1.101305;-0.462600;7.210837
1.100000;0.263804;0.746877;1.372167;1.096687;-0.461106;7.189237
1.110000;0.271342;0.760654;1.383111;1.092083;-0.459617;7.167702
1.120000;0.279018;0.774539;1.394008;1.087494;-0.458131;7.146231
1.130000;0.286833;0.788534;1.404861;1.082920;-0.456649;7.124824
1.140000;0.294789;0.802636;1.415667;1.078361;-0.455171;7.103482
1.150000;0.302886;0.816847;1.426428;1.073817;-0.453697;7.082204
1.160000;0.311126;0.831165;1.437143;1.069287;-0.452227;7.060989
1.170000;0.319510;0.845590;1.447814;1.064772;-0.450761;7.039838
1.180000;0.328038;0.860121;1.458439;1.060272;-0.449299;7.018750
1.190000;0.336713;0.874758;1.469019;1.055786;-0.447841;6.997725
1.200000;0.345534;0.889501;1.479555;1.051315;-0.446387;6.976763
1.210000;0.354503;0.904349;1.490045;1.046859;-0.444938;6.955864
1.220000;0.363621;0.919302;1.500492;1.042416;-0.443493;6.935028
1.230000;0.372889;0.934359;1.510894;1.037989;-0.442052;6.914254
1.240000;0.382309;0.949520;1.521252;1.033575;-0.440615;6.893542
1.250000;0.391880;0.964784;1.531565;1.029176;-0.439182;6.872893
1.260000;0.401605;0.980151;1.541835;1.024792;-0.437754;6.852305
1.270000;0.411484;0.995620;1.552061;1.020421;-0.436330;6.831779
1.280000;0.421518;1.011192;1.562244;1.016065;-0.434910;6.811314
1.290000;0.431708;1.026865;1.572383;1.011723;-0.433494;6.790911
1.300000;0.442055;1.042639;1.582478;1.007395;-0.432083;6.770569
1.310000;0.452561;1.058515;1.592531;1.003081;-0.430676;6.750287
1.320000;0.463226;1.074490;1.602540;0.998782;-0.429273;6.730067
1.330000;0.474051;1.090565;1.612506;0.994496;-0.427874;6.709907
1.340000;0.485037;1.106740;1.622430;0.990224;-0.426480;6.689807
1.350000;0.496186;1.123014;1.632311;0.985966;-0.425090;6.669768
1.360000;0.507498;1.139386;1.642149;0.981722;-0.423704;6.649789
1.370000;0.518974;1.155856;1.651945;0.977492;-0.422322;6.629869
1.380000;0.530615;1.172425;1.661699;0.973276;-0.420944;6.610010
1.390000;0.542423;1.189090;1.671411;0.969073;-0.419571;6.590209
1.400000;0.554398;1.205853;1.681081;0.964884;-0.418201;6.570468
1.410000;0.566540;1.222712;1.690709;0.960709;-0.416836;6.550786
1.420000;0.578852;1.239667;1.700295;0.956548;-0.415475;6.531163
1.430000;0.591334;1.256718;1.709840;0.952400;-0.414119;6.511599
1.440000;0.603987;1.273863;1.719343;0.948265;-0.412766;6.492094
1.450000;0.616812;1.291104;1.728805;0.944144;-0.411418;6.472647
1.460000;0.629809;1.308439;1.738226;0.940037;-0.410073;6.453258
1.470000;0.642981;1.325869;1.747606;0.935943;-0.408733;6.433927
1.480000;0.656327;1.343391;1.756945;0.931862;-0.407397;6.414654
1.490000;0.669849;1.361007;1.766243;0.927795;-0.406065;6.395439
1.500000;0.683547;1.378716;1.775501;0.923741;-0.404737;6.376282
1.510000;0.697423;1.396517;1.784718;0.919700;-0.403413;6.357181
1.520000;0.711478;1.414410;1.793895;0.915673;-0.402093;6.338138
1.530000;0.725712;1.432395;1.803031;0.911658;-0.400777;6.319152
1.540000;0.740126;1.450471;1.812128;0.907657;-0.399465;6.300223
1.550000;0.754722;1.468637;1.821185;0.903669;-0.398158;6.281351
1.560000;0.769499;1.486894;1.830201;0.899694;-0.396854;6.262535
1.570000;0.784460;1.505241;1.839178;0.895732;-0.395554;6.243776
1.580000;0.799604;1.523678;1.848116;0.891783;-0.394258;6.225073
1.590000;0.814934;1.542204;1.857014;0.887847;-0.392966;6.206425
1.600000;0.830449;1.560818;1.865873;0.883924;-0.391679;6.187834
1.610000;0.846150;1.579521;1.874693;0.880013;-0.390395;6.169298
1.620000;0.862039;1.598312;1.883473;0.876116;-0.389115;6.150818
1.630000;0.878117;1.617190;1.892215;0.872231;-0.387839;6.132393
1.640000;0.894384;1.636156;1.900918;0.868359;-0.386567;6.114024
1.650000;0.910840;1.655208;1.909582;0.864500;-0.385298;6.095709
1.660000;0.927488;1.674347;1.918208;0.860653;-0.384034;6.077449
1.670000;0.944328;1.693572;1.926795;0.856819;-0.382774;6.059244
1.680000;0.961360;1.712883;1.935344;0.852997;-0.381517;6.041094
1.690000;0.978585;1.732279;1.943855;0.849189;-0.380265;6.022998
1.700000;0.996006;1.751760;1.952328;0.845392;-0.379016;6.004956
1.710000;1.013621;1.771326;1.960763;0.841608;-0.377771;5.986968
1.720000;1.031432;1.790975;1.969160;0.837837;-0.376530;5.969034
1.730000;1.049441;1.810709;1.977520;0.834078;-0.375292;5.951154
1.740000;1.067647;1.830526;1.985842;0.830331;-0.374059;5.933327
1.750000;1.086052;1.850425;1.994127;0.826596;-0.372829;5.915554
1.760000;1.104656;1.870408;2.002374;0.822874;-0.371603;5.897834
1.770000;1.123460;1.890473;2.010584;0.819164;-0.370381;5.880167
1.780000;1.142465;1.910620;2.018757;0.815467;-0.369162;5.862553
1.790000;1.161673;1.930848;2.026894;0.811781;-0.367947;5.844991
1.800000;1.181083;1.951157;2.034993;0.808108;-0.366736;5.827483
1.810000;1.200696;1.971548;2.043056;0.804446;-0.365529;5.810026
1.820000;1.220514;1.992018;2.051082;0.800797;-0.364326;5.792622
1.830000;1.240537;2.012569;2.059072;0.797160;-0.363126;5.775270
1.840000;1.260765;2.033200;2.067025;0.793535;-0.361930;5.757971
1.850000;1.281201;2.053909;2.074942;0.789921;-0.360737;5.740723
1.860000;1.301844;2.074698;2.082824;0.786320;-0.359548;5.723526
1.870000;1.322695;2.095566;2.090669;0.782730;-0.358363;5.706381
1.880000;1.343756;2.116512;2.098478;0.779153;-0.357182;5.689288
1.890000;1.365026;2.137535;2.106252;0.775587;-0.356004;5.672246
1.900000;1.386506;2.158637;2.113990;0.772032;-0.354829;5.655254
1.910000;1.408199;2.179815;2.121693;0.768490;-0.353659;5.638314
1.920000;1.430103;2.201070;2.129360;0.764959;-0.352492;5.621424
1.930000;1.452220;2.222402;2.136992;0.761440;-0.351328;5.604585
1.940000;1.474551;2.243810;2.144589;0.757933;-0.350168;5.587797
1.950000;1.497097;2.265294;2.152151;0.754437;-0.349012;5.571059
1.960000;1.519857;2.286853;2.159678;0.750952;-0.347859;5.554370
1.970000;1.542834;2.308487;2.167170;0.747480;-0.346710;5.537732
1.980000;1.566027;2.330196;2.174627;0.744018;-0.345564;5.521144
1.990000;1.589438;2.351980;2.182050;0.740568;-0.344422;5.504605
2.000000;1.613067;2.373837;2.189439;0.737130;-0.343284;5.488116
2.010000;1.636915;2.395768;2.196793;0.733703;-0.342149;5.471677
2.020000;1.660983;2.417773;2.204113;0.730287;-0.341017;5.455286
2.030000;1.685271;2.439850;2.211399;0.726882;-0.339889;5.438945
2.040000;1.709780;2.462001;2.218650;0.723489;-0.338764;5.422653
2.050000;1.734511;2.484223;2.225868;0.720107;-0.337643;5.406409
2.060000;1.759465;2.506518;2.233053;0.716736;-0.336525;5.390214
2.070000;1.784642;2.528884;2.240203;0.713376;-0.335411;5.374068
2.080000;1.810043;2.551322;2.247320;0.710028;-0.334300;5.357970
2.090000;1.835668;2.573830;2.254404;0.706690;-0.333192;5.341920
2.100000;1.861520;2.596410;2.261454;0.703364;-0.332088;5.325918
2.110000;1.887597;2.619059;2.268471;0.700049;-0.330988;5.309964
2.120000;1.913901;2.641779;2.275455;0.696744;-0.329890;5.294058
2.130000;1.940433;2.664568;2.282406;0.693451;-0.328796;5.278200
2.140000;1.967193;2.687427;2.289324;0.690168;-0.327706;5.262389
2.150000;1.994181;2.710355;2.296209;0.686897;-0.326619;5.246625
2.160000;2.021400;2.733351;2.303062;0.683636;-0.325535;5.230909
2.170000;2.048849;2.756416;2.309882;0.680386;-0.324455;5.215240
2.180000;2.076529;2.779549;2.316670;0.677147;-0.323377;5.199618
2.190000;2.104440;2.802749;2.323425;0.673918;-0.322304;5.184042
2.200000;2.132584;2.826017;2.330148;0.670701;-0.321233;5.168513
2.210000;2.160961;2.849352;2.336839;0.667494;-0.320166;5.153031
2.220000;2.189571;2.872754;2.343498;0.664297;-0.319102;5.137595
2.230000;2.218416;2.896222;2.350125;0.661112;-0.318041;5.122205
2.240000;2.247496;2.919756;2.356720;0.657937;-0.316984;5.106862
2.250000;2.276811;2.943356;2.363284;0.654772;-0.315930;5.091564
2.260000;2.306363;2.967022;2.369816;0.651618;-0.314879;5.076312
2.270000;2.336152;2.990752;2.376316;0.648474;-0.313831;5.061106
2.280000;2.366178;3.014548;2.382785;0.645341;-0.312787;5.045946
2.290000;2.396443;3.038408;2.389223;0.642219;-0.311746;5.030831
2.300000;2.426947;3.062332;2.395630;0.639106;-0.310708;5.015761
2.310000;2.457690;3.086321;2.402005;0.636005;-0.309673;5.000736
2.320000;2.488673;3.110372;2.408350;0.632913;-0.308641;4.985756
2.330000;2.519897;3.134487;2.414664;0.629832;-0.307613;4.970821
2.340000;2.551363;3.158666;2.420947;0.626761;-0.306588;4.955931
2.350000;2.583071;3.182906;2.427199;0.623700;-0.305566;4.941086
2.360000;2.615022;3.207209;2.433421;0.620649;-0.304547;4.926285
2.370000;2.647215;3.231575;2.439612;0.617609;-0.303531;4.911528
2.380000;2.679653;3.256002;2.445773;0.614579;-0.302518;4.896815
2.390000;2.712336;3.280490;2.451903;0.611559;-0.301509;4.882147
2.400000;2.745263;3.305040;2.458004;0.608549;-0.300502;4.867523
2.410000;2.778437;3.329650;2.464074;0.605549;-0.299499;4.852942
2.420000;2.811856;3.354321;2.470115;0.602559;-0.298499;4.838405
2.430000;2.845523;3.379052;2.476126;0.599579;-0.297502;4.823911
2.440000;2.879438;3.403843;2.482107;0.596609;-0.296508;4.809461
2.450000;2.913600;3.428694;2.488058;0.593648;-0.295517;4.795055
2.460000;2.948012;3.453604;2.493980;0.590698;-0.294529;4.780691
2.470000;2.982673;3.478574;2.499872;0.587758;-0.293544;4.766370
2.480000;3.017583;3.503602;2.505735;0.584827;-0.292562;4.752093
2.490000;3.052745;3.528688;2.511568;0.581907;-0.291583;4.737858
2.500000;3.088157;3.553833;2.517373;0.578996;-0.290608;4.723666
2.510000;3.123822;3.579036;2.523148;0.576094;-0.289635;4.709516
2.520000;3.159738;3.604296;2.528895;0.573203;-0.288665;4.695408
2.530000;3.195908;3.629613;2.534612;0.570321;-0.287698;4.681343
2.540000;3.232331;3.654988;2.540301;0.567449;-0.286734;4.667320
2.550000;3.269008;3.680419;2.545961;0.564586;-0.285774;4.653339
2.560000;3.305939;3.705907;2.551593;0.561733;-0.284816;4.639400
2.570000;3.343126;3.731451;2.557196;0.558890;-0.283861;4.625503
2.580000;3.380569;3.757051;2.562771;0.556056;-0.282909;4.611647
2.590000;3.418267;3.782706;2.568317;0.553232;-0.281960;4.597833
2.600000;3.456223;3.808417;2.573836;0.550417;-0.281014;4.584060
2.610000;3.494436;3.834183;2.579326;0.547612;-0.280071;4.570329
2.620000;3.532907;3.860004;2.584788;0.544816;-0.279131;4.556638
2.630000;3.571636;3.885879;2.590222;0.542029;-0.278193;4.542989
2.640000;3.610624;3.911808;2.595628;0.539252;-0.277259;4.529380
2.650000;3.649872;3.937791;2.601007;0.536484;-0.276327;4.515812
2.660000;3.689380;3.963828;2.606358;0.533725;-0.275399;4.502285
2.670000;3.729149;3.989918;2.611682;0.530976;-0.274473;4.488799
2.680000;3.769179;4.016062;2.616978;0.528236;-0.273550;4.475352
2.690000;3.809471;4.042258;2.622246;0.525505;-0.272630;4.461946
2.700000;3.850024;4.068506;2.627488;0.522783;-0.271713;4.448581
2.710000;3.890841;4.094807;2.632702;0.520071;-0.270798;4.435255
2.720000;3.931921;4.121160;2.637889;0.517367;-0.269887;4.421969
2.730000;3.973264;4.147565;2.643049;0.514673;-0.268978;4.408723
2.740000;4.014872;4.174021;2.648183;0.511988;-0.268072;4.395517
2.750000;4.056745;4.200529;2.653289;0.509311;-0.267169;4.382350
2.760000;4.098883;4.227087;2.658369;0.506644;-0.266269;4.369223
2.770000;4.141287;4.253696;2.663422;0.503986;-0.265371;4.356135
2.780000;4.183957;4.280355;2.668449;0.501337;-0.264476;4.343086
2.790000;4.226894;4.307065;2.673449;0.498696;-0.263584;4.330076
2.800000;4.270098;4.333824;2.678423;0.496065;-0.262695;4.317105
2.810000;4.313571;4.360633;2.683370;0.493442;-0.261809;4.304173
2.820000;4.357311;4.387492;2.688292;0.490829;-0.260925;4.291280
2.830000;4.401321;4.414399;2.693187;0.488224;-0.260044;4.278426
2.840000;4.445599;4.441355;2.698056;0.485628;-0.259166;4.265610
2.850000;4.490148;4.468360;2.702899;0.483041;-0.258290;4.252832
2.860000;4.534967;4.495413;2.707717;0.480462;-0.257417;4.240093
2.870000;4.580056;4.522514;2.712509;0.477892;-0.256547;4.227391
2.880000;4.625417;4.549663;2.717275;0.475331;-0.255680;4.214728
2.890000;4.671050;4.576860;2.722015;0.472779;-0.254815;4.202103
2.900000;4.716955;4.604103;2.726730;0.470235;-0.253953;4.189515
2.910000;4.763132;4.631394;2.731420;0.467700;-0.253093;4.176966
2.920000;4.809583;4.658732;2.736084;0.465173;-0.252236;4.164454
2.930000;4.856307;4.686116;2.740724;0.462655;-0.251382;4.151979
2.940000;4.903305;4.713546;2.745338;0.460145;-0.250531;4.139542
2.950000;4.950578;4.741022;2.749926;0.457644;-0.249682;4.127142
2.960000;4.998126;4.768545;2.754490;0.455152;-0.248836;4.114779
2.970000;5.045949;4.796112;2.759030;0.452668;-0.247992;4.102453
2.980000;5.094048;4.823725;2.763544;0.450192;-0.247151;4.090164
2.990000;5.142424;4.851383;2.768033;0.447725;-0.246313;4.077912
3.000000;5.191076;4.879086;2.772498;0.445266;-0.245477;4.065697
3.010000;5.240005;4.906833;2.776939;0.442815;-0.244644;4.053518
3.020000;5.289213;4.934624;2.781355;0.440373;-0.243813;4.041375
3.030000;5.338698;4.962460;2.785746;0.437939;-0.242985;4.029269
3.040000;5.388462;4.990339;2.790113;0.435513;-0.242160;4.017200
3.050000;5.438505;5.018262;2.794457;0.433095;-0.241337;4.005166
3.060000;5.488827;5.046228;2.798775;0.430686;-0.240517;3.993169
3.070000;5.539430;5.074237;2.803070;0.428285;-0.239699;3.981207
3.080000;5.590312;5.102290;2.807341;0.425892;-0.238883;3.969281
3.090000;5.641476;5.130384;2.811588;0.423507;-0.238071;3.957391
3.100000;5.692920;5.158521;2.815811;0.421131;-0.237260;3.945537
3.110000;5.744646;5.186700;2.820011;0.418762;-0.236453;3.933718
3.120000;5.796654;5.214921;2.824187;0.416402;-0.235648;3.921935
3.130000;5.848945;5.243184;2.828339;0.414049;-0.234845;3.910187
3.140000;5.901518;5.271488;2.832468;0.411705;-0.234045;3.898474
3.150000;5.954375;5.299833;2.836573;0.409368;-0.233247;3.886796
3.160000;6.007515;5.328219;2.840655;0.407040;-0.232452;3.875153
3.170000;6.060939;5.356646;2.844714;0.404719;-0.231659;3.863545
3.180000;6.114648;5.385114;2.848749;0.402407;-0.230868;3.851971
3.190000;6.168642;5.413621;2.852762;0.400102;-0.230080;3.840433
3.200000;6.222920;5.442169;2.856751;0.397805;-0.229295;3.828929
3.210000;6.277485;5.470756;2.860718;0.395516;-0.228512;3.817459
3.220000;6.332336;5.499383;2.864662;0.393235;-0.227731;3.806024
3.230000;6.387473;5.528049;2.868583;0.390961;-0.226953;3.794623
3.240000;6.442897;5.556755;2.872481;0.388696;-0.226178;3.783256
3.250000;6.498608;5.585499;2.876357;0.386438;-0.225404;3.771924
3.260000;6.554607;5.614282;2.880210;0.384188;-0.224633;3.760625
3.270000;6.610894;5.643103;2.884041;0.381945;-0.223865;3.749360
3.280000;6.667469;5.671962;2.887849;0.379710;-0.223099;3.738129
3.290000;6.724333;5.700860;2.891635;0.377483;-0.222335;3.726931
3.300000;6.781486;5.729795;2.895398;0.375264;-0.221573;3.715767
3.310000;6.838929;5.758768;2.899140;0.373052;-0.220814;3.704636
3.320000;6.896662;5.787778;2.902860;0.370847;-0.220058;3.693539
3.330000;6.954685;5.816825;2.906557;0.368651;-0.219303;3.682475
3.340000;7.012999;5.845909;2.910233;0.366461;-0.218551;3.671444
3.350000;7.071603;5.875029;2.913886;0.364280;-0.217802;3.660446
3.360000;7.130499;5.904187;2.917518;0.362105;-0.217054;3.649481
3.370000;7.189687;5.933380;2.921128;0.359938;-0.216309;3.638549
3.380000;7.249167;5.962609;2.924717;0.357779;-0.215567;3.627650
3.390000;7.308939;5.991874;2.928284;0.355627;-0.214826;3.616783
3.400000;7.369005;6.021175;2.931830;0.353483;-0.214088;3.605949
3.410000;7.429363;6.050511;2.935354;0.351345;-0.213352;3.595148
3.420000;7.490015;6.079882;2.938857;0.349216;-0.212619;3.584378
3.430000;7.550961;6.109288;2.942338;0.347093;-0.211888;3.573641
3.440000;7.612201;6.138728;2.945798;0.344978;-0.211159;3.562937
3.450000;7.673735;6.168204;2.949238;0.342870;-0.210432;3.552264
3.460000;7.735565;6.197713;2.952656;0.340769;-0.209708;3.541623
3.470000;7.797690;6.227257;2.956053;0.338676;-0.208985;3.531014
3.480000;7.860110;6.256834;2.959429;0.336589;-0.208265;3.520437
3.490000;7.922827;6.286445;2.962785;0.334510;-0.207548;3.509891
3.500000;7.985839;6.316090;2.966120;0.332438;-0.206832;3.499377
3.510000;8.049148;6.345767;2.969434;0.330374;-0.206119;3.488895
3.520000;8.112755;6.375478;2.972727;0.328316;-0.205408;3.478444
3.530000;8.176658;6.405222;2.976000;0.326265;-0.204699;3.468024
3.540000;8.240859;6.434998;2.979252;0.324222;-0.203993;3.457636
3.550000;8.305358;6.464807;2.982484;0.322186;-0.203288;3.447279
3.560000;8.370155;6.494648;2.985696;0.320156;-0.202586;3.436952
3.570000;8.435251;6.524521;2.988888;0.318134;-0.201886;3.426657
3.580000;8.500646;6.554425;2.992059;0.316119;-0.201188;3.416392
3.590000;8.566340;6.584362;2.995210;0.314110;-0.200493;3.406158
3.600000;8.632333;6.614330;2.998341;0.312109;-0.199799;3.395955
3.610000;8.698627;6.644329;3.001452;0.310114;-0.199108;3.385783
3.620000;8.765220;6.674359;3.004543;0.308127;-0.198418;3.375641
3.630000;8.832114;6.704419;3.007615;0.306146;-0.197731;3.365529
3.640000;8.899309;6.734511;3.010666;0.304172;-0.197047;3.355447
3.650000;8.966804;6.764633;3.013698;0.302205;-0.196364;3.345396
3.660000;9.034601;6.794785;3.016710;0.300245;-0.195683;3.335375
3.670000;9.102700;6.824967;3.019703;0.298291;-0.195005;3.325384
3.680000;9.171101;6.855179;3.022676;0.296345;-0.194328;3.315423
3.690000;9.239804;6.885420;3.025630;0.294405;-0.193654;3.305491
3.700000;9.308809;6.915691;3.028564;0.292471;-0.192982;3.295590
3.710000;9.378118;6.945991;3.031479;0.290545;-0.192312;3.285718
3.720000;9.447729;6.976321;3.034375;0.288625;-0.191643;3.275875
3.730000;9.517644;7.006679;3.037252;0.286712;-0.190978;3.266062
3.740000;9.587863;7.037066;3.040110;0.284806;-0.190314;3.256279
3.750000;9.658386;7.067481;3.042948;0.282906;-0.189652;3.246525
3.760000;9.729213;7.097925;3.045768;0.281013;-0.188992;3.236800
3.770000;9.800344;7.128396;3.048568;0.279126;-0.188334;3.227104
3.780000;9.871781;7.158896;3.051350;0.277246;-0.187679;3.217437
3.790000;9.943522;7.189423;3.054113;0.275372;-0.187025;3.207799
3.800000;10.015569;7.219978;3.056858;0.273505;-0.186374;3.198190
3.810000;10.087922;7.250560;3.059583;0.271645;-0.185724;3.188610
3.820000;10.160580;7.281170;3.062291;0.269791;-0.185077;3.179059
3.830000;10.233545;7.311806;3.064979;0.267943;-0.184431;3.169536
3.840000;10.306817;7.342469;3.067650;0.266102;-0.183788;3.160041
3.850000;10.380395;7.373159;3.070301;0.264268;-0.183146;3.150575
3.860000;10.454280;7.403875;3.072935;0.262439;-0.182507;3.141138
3.870000;10.528472;7.434618;3.075550;0.260617;-0.181869;3.131729
3.880000;10.602972;7.465386;3.078147;0.258802;-0.181234;3.122347
3.890000;10.677780;7.496181;3.080726;0.256993;-0.180600;3.112994
3.900000;10.752896;7.527001;3.083287;0.255190;-0.179969;3.103669
3.910000;10.828320;7.557846;3.085830;0.253393;-0.179339;3.094372
3.920000;10.904053;7.588717;3.088355;0.251603;-0.178712;3.085103
3.930000;10.980095;7.619613;3.090862;0.249819;-0.178086;3.075862
3.940000;11.056445;7.650534;3.093351;0.248041;-0.177463;3.066648
3.950000;11.133105;7.681480;3.095823;0.246270;-0.176841;3.057462
3.960000;11.210075;7.712451;3.098277;0.244505;-0.176221;3.048303
3.970000;11.287355;7.743446;3.100713;0.242745;-0.175603;3.039172
3.980000;11.364944;7.774465;3.103132;0.240992;-0.174987;3.030068
3.990000;11.442844;7.805508;3.105533;0.239246;-0.174373;3.020992
4.000000;11.521054;7.836576;3.107917;0.237505;-0.173761;3.011942
4.010000;11.599575;7.867667;3.110283;0.235770;-0.173151;3.002920
4.020000;11.678408;7.898781;3.112632;0.234042;-0.172543;2.993925
4.030000;11.757551;7.929919;3.114964;0.232320;-0.171937;2.984956
4.040000;11.837006;7.961080;3.117279;0.230603;-0.171332;2.976015
4.050000;11.916773;7.992265;3.119576;0.228893;-0.170730;2.967100
4.060000;11.996852;8.023472;3.121856;0.227189;-0.170129;2.958212
4.070000;12.077242;8.054702;3.124120;0.225490;-0.169530;2.949351
4.080000;12.157946;8.085954;3.126366;0.223798;-0.168933;2.940516
4.090000;12.238962;8.117229;3.128596;0.222112;-0.168338;2.931708
4.100000;12.320290;8.148526;3.130809;0.220431;-0.167745;2.922926
4.110000;12.401932;8.179845;3.133004;0.218757;-0.167154;2.914170
4.120000;12.483887;8.211186;3.135184;0.217088;-0.166564;2.905441
4.130000;12.566156;8.242549;3.137346;0.215426;-0.165976;2.896737
4.140000;12.648738;8.273933;3.139492;0.213769;-0.165391;2.888060
4.150000;12.731635;8.305339;3.141622;0.212118;-0.164807;2.879409
4.160000;12.814845;8.336765;3.143735;0.210473;-0.164224;2.870784
4.170000;12.898370;8.368213;3.145831;0.208833;-0.163644;2.862184
4.180000;12.982210;8.399682;3.147911;0.207200;-0.163066;2.853611
4.190000;13.066364;8.431171;3.149975;0.205572;-0.162489;2.845063
4.200000;13.150833;8.462681;3.152023;0.203950;-0.161914;2.836540
4.210000;13.235617;8.494212;3.154054;0.202334;-0.161341;2.828043
4.220000;13.320717;8.525762;3.156069;0.200723;-0.160770;2.819572
4.230000;13.406133;8.557333;3.158069;0.199118;-0.160200;2.811126
4.240000;13.491864;8.588924;3.160052;0.197519;-0.159632;2.802705
4.250000;13.577911;8.620534;3.162019;0.195926;-0.159066;2.794310
4.260000;13.664275;8.652164;3.163970;0.194338;-0.158502;2.785939
4.270000;13.750955;8.683813;3.165906;0.192755;-0.157940;2.777594
4.280000;13.837951;8.715482;3.167825;0.191179;-0.157379;2.769274
4.290000;13.925264;8.747170;3.169729;0.189608;-0.156820;2.760978
4.300000;14.012895;8.778877;3.171618;0.188042;-0.156263;2.752708
4.310000;14.100842;8.810602;3.173490;0.186483;-0.155708;2.744462
4.320000;14.189107;8.842346;3.175347;0.184928;-0.155154;2.736241
4.330000;14.277689;8.874109;3.177189;0.183380;-0.154602;2.728045
4.340000;14.366589;8.905890;3.179015;0.181836;-0.154052;2.719873
4.350000;14.455807;8.937689;3.180826;0.180299;-0.153503;2.711725
4.360000;14.545343;8.969507;3.182621;0.178766;-0.152956;2.703602
4.370000;14.635197;9.001342;3.184401;0.177239;-0.152411;2.695504
4.380000;14.725370;9.033195;3.186166;0.175718;-0.151868;2.687429
4.390000;14.815861;9.065065;3.187915;0.174202;-0.151326;2.679379
4.400000;14.906671;9.096953;3.189650;0.172691;-0.150787;2.671353
4.410000;14.997800;9.128858;3.191369;0.171186;-0.150248;2.663351
4.420000;15.089248;9.160780;3.193074;0.169686;-0.149712;2.655373
4.430000;15.181016;9.192719;3.194763;0.168192;-0.149177;2.647419
4.440000;15.273103;9.224675;3.196437;0.166703;-0.148644;2.639488
4.450000;15.365509;9.256648;3.198097;0.165219;-0.148112;2.631582
4.460000;15.458236;9.288637;3.199742;0.163741;-0.147582;2.623699
4.470000;15.551282;9.320643;3.201372;0.162268;-0.147054;2.615840
4.480000;15.644649;9.352665;3.202987;0.160800;-0.146528;2.608004
4.490000;15.738335;9.384703;3.204588;0.159337;-0.146003;2.600191
4.500000;15.832343;9.416756;3.206174;0.157880;-0.145479;2.592403
4.510000;15.926671;9.448826;3.207745;0.156427;-0.144958;2.584637
4.520000;16.021319;9.480911;3.209302;0.154980;-0.144438;2.576895
4.530000;16.116289;9.513012;3.210845;0.153539;-0.143920;2.569176
4.540000;16.211580;9.545128;3.212373;0.152102;-0.143403;2.561480
4.550000;16.307192;9.577259;3.213887;0.150671;-0.142888;2.553807
4.560000;16.403125;9.609406;3.215387;0.149244;-0.142374;2.546157
4.570000;16.499380;9.641567;3.216872;0.147823;-0.141863;2.538530
4.580000;16.595956;9.673743;3.218343;0.146407;-0.141352;2.530926
4.590000;16.692855;9.705934;3.219800;0.144996;-0.140844;2.523344
4.600000;16.790075;9.738139;3.221243;0.143590;-0.140337;2.515786
4.610000;16.887617;9.770359;3.222672;0.142189;-0.139831;2.508249
4.620000;16.985482;9.802592;3.224087;0.140793;-0.139327;2.500736
4.630000;17.083669;9.834840;3.225488;0.139403;-0.138825;2.493245
4.640000;17.182179;9.867102;3.226875;0.138017;-0.138324;2.485777
4.650000;17.281011;9.899378;3.228248;0.136636;-0.137825;2.478330
4.660000;17.380167;9.931667;3.229608;0.135260;-0.137328;2.470907
4.670000;17.479645;9.963970;3.230953;0.133890;-0.136832;2.463505
4.680000;17.579446;9.996286;3.232286;0.132524;-0.136337;2.456125
4.690000;17.679571;10.028616;3.233604;0.131163;-0.135844;2.448768
4.700000;17.780018;10.060958;3.234909;0.129807;-0.135353;2.441433
4.710000;17.880790;10.093314;3.236200;0.128456;-0.134863;2.434120
4.720000;17.981885;10.125682;3.237478;0.127110;-0.134375;2.426828
4.730000;18.083303;10.158063;3.238742;0.125768;-0.133888;2.419559
4.740000;18.185046;10.190457;3.239993;0.124432;-0.133403;2.412311
4.750000;18.287113;10.222863;3.241231;0.123100;-0.132920;2.405085
4.760000;18.389503;10.255282;3.242455;0.121773;-0.132438;2.397880
4.770000;18.492218;10.287712;3.243666;0.120451;-0.131957;2.390697
4.780000;18.595258;10.320155;3.244864;0.119134;-0.131478;2.383536
4.790000;18.698621;10.352609;3.246049;0.117822;-0.131000;2.376396
4.800000;18.802310;10.385076;3.247221;0.116514;-0.130524;2.369278
4.810000;18.906323;10.417554;3.248379;0.115211;-0.130050;2.362180
4.820000;19.010661;10.450043;3.249525;0.113913;-0.129577;2.355104
4.830000;19.115324;10.482544;3.250658;0.112620;-0.129105;2.348050
4.840000;19.220312;10.515056;3.251777;0.111331;-0.128635;2.341016
4.850000;19.325625;10.547580;3.252884;0.110047;-0.128166;2.334004
4.860000;19.431264;10.580114;3.253978;0.108768;-0.127699;2.327012
4.870000;19.537227;10.612659;3.255060;0.107493;-0.127234;2.320042
4.880000;19.643517;10.645215;3.256128;0.106223;-0.126769;2.313092
4.890000;19.750132;10.677782;3.257184;0.104958;-0.126307;2.306163
4.900000;19.857072;10.710359;3.258227;0.103697;-0.125845;2.299255
4.910000;19.964339;10.742946;3.259258;0.102441;-0.125386;2.292367
4.920000;20.071931;10.775544;3.260276;0.101189;-0.124927;2.285501
4.930000;20.179850;10.808152;3.261282;0.099942;-0.124470;2.278654
4.940000;20.288094;10.840770;3.262275;0.098700;-0.124015;2.271829
4.950000;20.396665;10.873397;3.263256;0.097462;-0.123561;2.265023
4.960000;20.505562;10.906035;3.264224;0.096229;-0.123108;2.258239
4.970000;20.614786;10.938682;3.265181;0.095000;-0.122657;2.251474
4.980000;20.724336;10.971338;3.266124;0.093776;-0.122207;2.244730
4.990000;20.834213;11.004004;3.267056;0.092556;-0.121759;2.238006
5.000000;20.944416;11.036679;3.267976;0.091340;-0.121312;2.231302
5.010000;21.054946;11.069364;3.268883;0.090130;-0.120866;2.224618
5.020000;21.165803;11.102057;3.269778;0.088923;-0.120422;2.217954
5.030000;21.276988;11.134759;3.270661;0.087721;-0.119980;2.211310
5.040000;21.388499;11.167470;3.271533;0.086523;-0.119538;2.204686
5.050000;21.500337;11.200190;3.272392;0.085330;-0.119098;2.198082
5.060000;21.612503;11.232918;3.273239;0.084142;-0.118660;2.191497
5.070000;21.724995;11.265654;3.274075;0.082957;-0.118223;2.184933
5.080000;21.837816;11.298399;3.274898;0.081777;-0.117787;2.178388
5.090000;21.950963;11.331152;3.275710;0.080601;-0.117352;2.171862
5.100000;22.064439;11.363914;3.276510;0.079430;-0.116919;2.165357
5.110000;22.178242;11.396683;3.277299;0.078263;-0.116488;2.158870
5.120000;22.292372;11.429459;3.278076;0.077100;-0.116058;2.152403
5.130000;22.406831;11.462244;3.278841;0.075942;-0.115629;2.145956
5.140000;22.521617;11.495036;3.279595;0.074788;-0.115201;2.139528
5.150000;22.636732;11.527836;3.280337;0.073638;-0.114775;2.133119
5.160000;22.752174;11.560643;3.281067;0.072492;-0.114350;2.126729
5.170000;22.867945;11.593457;3.281787;0.071351;-0.113926;2.120358
5.180000;22.984043;11.626279;3.282494;0.070214;-0.113504;2.114007
5.190000;23.100470;11.659107;3.283191;0.069081;-0.113083;2.107674
5.200000;23.217225;11.691942;3.283876;0.067952;-0.112664;2.101361
5.210000;23.334309;11.724785;3.284550;0.066827;-0.112246;2.095066
5.220000;23.451721;11.757633;3.285213;0.065707;-0.111829;2.088790
5.230000;23.569462;11.790489;3.285864;0.064591;-0.111413;2.082533
5.240000;23.687531;11.823351;3.286504;0.063479;-0.110999;2.076295
5.250000;23.805929;11.856219;3.287134;0.062371;-0.110586;2.070076
5.260000;23.924655;11.889093;3.287752;0.061267;-0.110175;2.063875
5.270000;24.043711;11.921974;3.288359;0.060167;-0.109764;2.057692
5.280000;24.163095;11.954860;3.288955;0.059072;-0.109355;2.051528
5.290000;24.282808;11.987753;3.289540;0.057980;-0.108948;2.045383
5.300000;24.402850;12.020651;3.290115;0.056893;-0.108541;2.039256
5.310000;24.523221;12.053555;3.290678;0.055809;-0.108136;2.033148
5.320000;24.643921;12.086465;3.291231;0.054730;-0.107732;2.027057
5.330000;24.764950;12.119380;3.291773;0.053655;-0.107330;2.020985
5.340000;24.886309;12.152300;3.292304;0.052583;-0.106928;2.014931
5.350000;25.007996;12.185226;3.292825;0.051516;-0.106528;2.008896
5.360000;25.130013;12.218157;3.293334;0.050453;-0.106129;2.002878
5.370000;25.252359;12.251092;3.293834;0.049394;-0.105732;1.996878
5.380000;25.375035;12.284033;3.294322;0.048338;-0.105336;1.990897
5.390000;25.498040;12.316979;3.294800;0.047287;-0.104941;1.984933
5.400000;25.621375;12.349929;3.295268;0.046239;-0.104547;1.978987
5.410000;25.745039;12.382884;3.295725;0.045196;-0.104155;1.973059
5.420000;25.869032;12.415844;3.296172;0.044156;-0.103763;1.967149
5.430000;25.993356;12.448808;3.296608;0.043121;-0.103373;1.961256
5.440000;26.118008;12.481776;3.297034;0.042089;-0.102985;1.955381
5.450000;26.242991;12.514748;3.297450;0.041061;-0.102597;1.949524
5.460000;26.368303;12.547725;3.297856;0.040037;-0.102211;1.943684
5.470000;26.493946;12.580705;3.298251;0.039017;-0.101826;1.937862
5.480000;26.619918;12.613690;3.298636;0.038000;-0.101442;1.932057
5.490000;26.746219;12.646678;3.299011;0.036988;-0.101059;1.926269
5.500000;26.872851;12.679670;3.299376;0.035979;-0.100678;1.920499
5.510000;26.999813;12.712665;3.299731;0.034974;-0.100298;1.914746
5.520000;27.127104;12.745664;3.300075;0.033973;-0.099919;1.909011
5.530000;27.254726;12.778667;3.300410;0.032976;-0.099541;1.903292
5.540000;27.382678;12.811673;3.300735;0.031982;-0.099164;1.897591
5.550000;27.510960;12.844682;3.301050;0.030993;-0.098789;1.891907
5.560000;27.639571;12.877694;3.301355;0.030007;-0.098415;1.886239
5.570000;27.768513;12.910709;3.301650;0.029024;-0.098042;1.880589
5.580000;27.897786;12.943727;3.301935;0.028046;-0.097670;1.874956
5.590000;28.027388;12.976747;3.302211;0.027071;-0.097299;1.869339
5.600000;28.157321;13.009771;3.302477;0.026100;-0.096930;1.863740
5.610000;28.287583;13.042797;3.302733;0.025132;-0.096562;1.858157
5.620000;28.418176;13.075825;3.302979;0.024169;-0.096195;1.852591
5.630000;28.549100;13.108856;3.303216;0.023208;-0.095829;1.847041
5.640000;28.680354;13.141890;3.303443;0.022252;-0.095464;1.841509
5.650000;28.811938;13.174925;3.303661;0.021299;-0.095100;1.835992
5.660000;28.943852;13.207963;3.303869;0.020350;-0.094738;1.830493
5.670000;29.076097;13.241003;3.304068;0.019404;-0.094377;1.825009
5.680000;29.208672;13.274044;3.304258;0.018462;-0.094016;1.819542
5.690000;29.341578;13.307088;3.304437;0.017524;-0.093657;1.814092
5.700000;29.474814;13.340133;3.304608;0.016589;-0.093299;1.808658
5.710000;29.608381;13.373180;3.304769;0.015658;-0.092943;1.803240
5.720000;29.742278;13.406228;3.304921;0.014730;-0.092587;1.797838
5.730000;29.876505;13.439278;3.305064;0.013806;-0.092233;1.792453
5.740000;30.011063;13.472330;3.305197;0.012886;-0.091879;1.787084
5.750000;30.145952;13.505382;3.305322;0.011969;-0.091527;1.781731
5.760000;30.281171;13.538436;3.305437;0.011055;-0.091176;1.776393
5.770000;30.416720;13.571491;3.305543;0.010145;-0.090826;1.771072
5.780000;30.552601;13.604547;3.305640;0.009239;-0.090477;1.765767
5.790000;30.688811;13.637604;3.305728;0.008336;-0.090130;1.760478
5.800000;30.825353;13.670661;3.305806;0.007436;-0.089783;1.755204
5.810000;30.962225;13.703720;3.305876;0.006540;-0.089437;1.749946
5.820000;31.099427;13.736779;3.305937;0.005647;-0.089093;1.744704
5.830000;31.236960;13.769838;3.305989;0.004758;-0.088750;1.739478
5.840000;31.374824;13.802899;3.306032;0.003872;-0.088408;1.734267
5.850000;31.513018;13.835959;3.306067;0.002990;-0.088066;1.729072
5.860000;31.651543;13.869020;3.306092;0.002111;-0.087726;1.723893
5.870000;31.790399;13.902081;3.306109;0.001235;-0.087387;1.718729
5.880000;31.929585;13.935142;3.306117;0.000363;-0.087050;1.713581
5.890000;32.069101;13.968203;3.306116;-0.000506;-0.086713;1.708448
5.900000;32.208949;14.001264;3.306107;-0.001371;-0.086377;1.703330
5.910000;32.349127;14.034325;3.306089;-0.002233;-0.086042;1.698228
5.920000;32.489635;14.067386;3.306062;-0.003092;-0.085709;1.693141
5.930000;32.630474;14.100446;3.306027;-0.003947;-0.085376;1.688069
5.940000;32.771644;14.133507;3.305983;-0.004799;-0.085045;1.683012
5.950000;32.913144;14.166566;3.305931;-0.005648;-0.084714;1.677971
5.960000;33.054975;14.199625;3.305870;-0.006494;-0.084385;1.672944
5.970000;33.197137;14.232683;3.305801;-0.007336;-0.084057;1.667933
5.980000;33.339629;14.265741;3.305724;-0.008175;-0.083730;1.662937
5.990000;33.482452;14.298798;3.305638;-0.009010;-0.083403;1.657955
6.000000;33.625605;14.331854;3.305543;-0.009843;-0.083078;1.652989
6.010000;33.769089;14.364909;3.305441;-0.010672;-0.082754;1.648037
6.020000;33.912903;14.397963;3.305330;-0.011498;-0.082431;1.643101
6.030000;34.057048;14.431015;3.305211;-0.012321;-0.082109;1.638179
6.040000;34.201524;14.464067;3.305084;-0.013140;-0.081788;1.633272
6.050000;34.346329;14.497117;3.304948;-0.013956;-0.081468;1.628379
6.060000;34.491466;14.530166;3.304804;-0.014770;-0.081149;1.623501
6.070000;34.636933;14.563213;3.304653;-0.015579;-0.080831;1.618638
6.080000;34.782730;14.596259;3.304493;-0.016386;-0.080514;1.613789
6.090000;34.928858;14.629303;3.304325;-0.017190;-0.080198;1.608955
6.100000;35.075316;14.662345;3.304149;-0.017990;-0.079884;1.604136
6.110000;35.222105;14.695386;3.303965;-0.018787;-0.079570;1.599330
6.120000;35.369224;14.728425;3.303773;-0.019582;-0.079257;1.594540
6.130000;35.516673;14.761461;3.303574;-0.020373;-0.078945;1.589763
6.140000;35.664453;14.794496;3.303366;-0.021160;-0.078634;1.585001
6.150000;35.812563;14.827529;3.303150;-0.021945;-0.078324;1.580253
6.160000;35.961004;14.860559;3.302927;-0.022727;-0.078015;1.575520
6.170000;36.109774;14.893587;3.302696;-0.023506;-0.077707;1.570800
6.180000;36.258875;14.926613;3.302457;-0.024281;-0.077401;1.566095
6.190000;36.408307;14.959636;3.302210;-0.025054;-0.077095;1.561403
6.200000;36.558068;14.992657;3.301956;-0.025823;-0.076790;1.556726
6.210000;36.708160;15.025675;3.301694;-0.026589;-0.076486;1.552063
6.220000;36.858582;15.058691;3.301424;-0.027353;-0.076183;1.547414
6.230000;37.009334;15.091704;3.301147;-0.028113;-0.075881;1.542779
6.240000;37.160416;15.124714;3.300862;-0.028870;-0.075580;1.538157
6.250000;37.311828;15.157721;3.300569;-0.029625;-0.075280;1.533550
6.260000;37.463570;15.190725;3.300269;-0.030376;-0.074981;1.528956
6.270000;37.615642;15.223726;3.299962;-0.031124;-0.074682;1.524376
6.280000;37.768045;15.256724;3.299647;-0.031870;-0.074385;1.519810
6.290000;37.920777;15.289719;3.299324;-0.032612;-0.074089;1.515257
6.300000;38.073839;15.322711;3.298995;-0.033351;-0.073794;1.510718
6.310000;38.227231;15.355699;3.298657;-0.034088;-0.073499;1.506193
6.320000;38.380953;15.388684;3.298313;-0.034821;-0.073206;1.501681
6.330000;38.535005;15.421665;3.297961;-0.035552;-0.072914;1.497183
6.340000;38.689386;15.454643;3.297602;-0.036280;-0.072622;1.492698
6.350000;38.844098;15.487617;3.297235;-0.037004;-0.072331;1.488226
6.360000;38.999139;15.520588;3.296862;-0.037726;-0.072042;1.483768
6.370000;39.154509;15.553555;3.296481;-0.038445;-0.071753;1.479324
6.380000;39.310210;15.586517;3.296093;-0.039161;-0.071465;1.474892
6.390000;39.466240;15.619476;3.295698;-0.039875;-0.071179;1.470474
6.400000;39.622599;15.652431;3.295295;-0.040585;-0.070893;1.466070
6.410000;39.779288;15.685382;3.294886;-0.041292;-0.070608;1.461678
6.420000;39.936307;15.718329;3.294470;-0.041997;-0.070323;1.457300
6.430000;40.093655;15.751272;3.294046;-0.042699;-0.070040;1.452934
6.440000;40.251332;15.784210;3.293616;-0.043398;-0.069758;1.448582
6.450000;40.409339;15.817144;3.293178;-0.044094;-0.069477;1.444243
6.460000;40.567675;15.850073;3.292734;-0.044787;-0.069196;1.439916
6.470000;40.726340;15.882999;3.292282;-0.045478;-0.068917;1.435603
6.480000;40.885335;15.915919;3.291824;-0.046166;-0.068638;1.431303
6.490000;41.044659;15.948835;3.291359;-0.046851;-0.068360;1.427015
6.500000;41.204312;15.981746;3.290887;-0.047533;-0.068083;1.422741
6.510000;41.364294;16.014653;3.290408;-0.048212;-0.067808;1.418479
6.520000;41.524605;16.047554;3.289923;-0.048889;-0.067532;1.414230
6.530000;41.685245;16.080451;3.289431;-0.049563;-0.067258;1.409993
6.540000;41.846214;16.113343;3.288932;-0.050234;-0.066985;1.405770
6.550000;42.007512;16.146230;3.288426;-0.050903;-0.066713;1.401559
6.560000;42.169138;16.179112;3.287914;-0.051568;-0.066441;1.397360
6.570000;42.331094;16.211988;3.287395;-0.052232;-0.066170;1.393175
6.580000;42.493378;16.244859;3.286869;-0.052892;-0.065901;1.389001
6.590000;42.655991;16.277725;3.286337;-0.053550;-0.065632;1.384841
6.600000;42.818933;16.310586;3.285798;-0.054205;-0.065364;1.380692
6.610000;42.982203;16.343441;3.285253;-0.054857;-0.065096;1.376557
6.620000;43.145801;16.376291;3.284701;-0.055506;-0.064830;1.372433
6.630000;43.309729;16.409135;3.284143;-0.056153;-0.064565;1.368322
6.640000;43.473984;16.441974;3.283578;-0.056798;-0.064300;1.364223
6.650000;43.638568;16.474807;3.283007;-0.057439;-0.064036;1.360137
6.660000;43.803480;16.507634;3.282429;-0.058078;-0.063773;1.356062
6.670000;43.968721;16.540455;3.281845;-0.058715;-0.063511;1.352000
6.680000;44.134289;16.573271;3.281255;-0.059349;-0.063250;1.347950
6.690000;44.300186;16.606081;3.280658;-0.059980;-0.062990;1.343912
6.700000;44.466411;16.638884;3.280055;-0.060609;-0.062730;1.339887
6.710000;44.632964;16.671682;3.279446;-0.061235;-0.062472;1.335873
6.720000;44.799845;16.704473;3.278830;-0.061858;-0.062214;1.331871
6.730000;44.967053;16.737258;3.278209;-0.062479;-0.061957;1.327882
6.740000;45.134590;16.770037;3.277581;-0.063097;-0.061701;1.323904
6.750000;45.302454;16.802810;3.276947;-0.063713;-0.061445;1.319938
6.760000;45.470646;16.835576;3.276307;-0.064326;-0.061191;1.315985
6.770000;45.639165;16.868336;3.275660;-0.064937;-0.060937;1.312043
6.780000;45.808013;16.901089;3.275008;-0.065545;-0.060684;1.308112
6.790000;45.977187;16.933836;3.274349;-0.066150;-0.060432;1.304194
6.800000;46.146689;16.966576;3.273685;-0.066753;-0.060181;1.300287
6.810000;46.316519;16.999310;3.273014;-0.067354;-0.059931;1.296392
6.820000;46.486675;17.032036;3.272338;-0.067952;-0.059681;1.292509
6.830000;46.657159;17.064756;3.271655;-0.068548;-0.059432;1.288637
6.840000;46.827970;17.097470;3.270967;-0.069141;-0.059184;1.284777
6.850000;46.999109;17.130176;3.270273;-0.069731;-0.058937;1.280928
6.860000;47.170574;17.162875;3.269572;-0.070319;-0.058691;1.277091
6.870000;47.342366;17.195567;3.268866;-0.070905;-0.058445;1.273266
6.880000;47.514485;17.228252;3.268154;-0.071488;-0.058200;1.269452
6.890000;47.686931;17.260930;3.267436;-0.072069;-0.057956;1.265649
6.900000;47.859704;17.293601;3.266713;-0.072647;-0.057713;1.261858
6.910000;48.032803;17.326264;3.265984;-0.073223;-0.057471;1.258078
6.920000;48.206229;17.358921;3.265248;-0.073797;-0.057229;1.254309
6.930000;48.379982;17.391569;3.264508;-0.074368;-0.056988;1.250552
6.940000;48.554061;17.424211;3.263761;-0.074937;-0.056748;1.246806
6.950000;48.728466;17.456845;3.263009;-0.075503;-0.056509;1.243071
6.960000;48.903197;17.489471;3.262251;-0.076067;-0.056270;1.239348
6.970000;49.078255;17.522090;3.261488;-0.076628;-0.056033;1.235635
6.980000;49.253639;17.554701;3.260718;-0.077187;-0.055796;1.231934
6.990000;49.429349;17.587304;3.259944;-0.077744;-0.055559;1.228243
7.000000;49.605385;17.619900;3.259164;-0.078299;-0.055324;1.224564
7.010000;49.781747;17.652487;3.258378;-0.078851;-0.055089;1.220896
7.020000;49.958435;17.685067;3.257587;-0.079400;-0.054855;1.217239
7.030000;50.135448;17.717639;3.256790;-0.079948;-0.054622;1.213593
7.040000;50.312788;17.750203;3.255988;-0.080493;-0.054390;1.209957
7.050000;50.490452;17.782759;3.255180;-0.081036;-0.054158;1.206333
7.060000;50.668443;17.815306;3.254367;-0.081576;-0.053928;1.202719
7.070000;50.846759;17.847846;3.253548;-0.082114;-0.053697;1.199117
7.080000;51.025400;17.880377;3.252725;-0.082650;-0.053468;1.195525
7.090000;51.204366;17.912900;3.251895;-0.083184;-0.053239;1.191943
7.100000;51.383658;17.945415;3.251061;-0.083715;-0.053012;1.188373
7.110000;51.563274;17.977922;3.250221;-0.084244;-0.052784;1.184813
7.120000;51.743216;18.010420;3.249376;-0.084770;-0.052558;1.181264
7.130000;51.923483;18.042909;3.248526;-0.085295;-0.052332;1.177726
7.140000;52.104074;18.075390;3.247670;-0.085817;-0.052108;1.174198
7.150000;52.284991;18.107863;3.246809;-0.086337;-0.051883;1.170680
7.160000;52.466231;18.140326;3.245943;-0.086855;-0.051660;1.167174
7.170000;52.647797;18.172781;3.245072;-0.087370;-0.051437;1.163677
7.180000;52.829687;18.205228;3.244196;-0.087884;-0.051215;1.160192
7.190000;53.011902;18.237665;3.243315;-0.088395;-0.050994;1.156716
7.200000;53.194440;18.270094;3.242428;-0.088903;-0.050773;1.153251
7.210000;53.377303;18.302514;3.241537;-0.089410;-0.050554;1.149797
7.220000;53.560491;18.334925;3.240640;-0.089914;-0.050334;1.146352
7.230000;53.744002;18.367327;3.239738;-0.090417;-0.050116;1.142919
7.240000;53.927837;18.399720;3.238832;-0.090917;-0.049898;1.139495
7.250000;54.111996;18.432103;3.237920;-0.091415;-0.049681;1.136082
7.260000;54.296479;18.464478;3.237003;-0.091910;-0.049465;1.132678
7.270000;54.481286;18.496843;3.236082;-0.092404;-0.049250;1.129285
7.280000;54.666416;18.529200;3.235155;-0.092895;-0.049035;1.125903
7.290000;54.851870;18.561546;3.234224;-0.093385;-0.048821;1.122530
7.300000;55.037647;18.593884;3.233288;-0.093872;-0.048607;1.119167
7.310000;55.223747;18.626212;3.232346;-0.094357;-0.048395;1.115815
7.320000;55.410171;18.658531;3.231400;-0.094840;-0.048182;1.112473
7.330000;55.596918;18.690840;3.230450;-0.095321;-0.047971;1.109140
7.340000;55.783988;18.723140;3.229494;-0.095799;-0.047760;1.105818
7.350000;55.971381;18.755430;3.228534;-0.096276;-0.047550;1.102505
7.360000;56.159096;18.787711;3.227569;-0.096750;-0.047341;1.099203
7.370000;56.347135;18.819981;3.226599;-0.097223;-0.047133;1.095910
7.380000;56.535496;18.852243;3.225624;-0.097693;-0.046925;1.092627
7.390000;56.724180;18.884494;3.224645;-0.098161;-0.046717;1.089354
7.400000;56.913186;18.916735;3.223661;-0.098627;-0.046511;1.086091
7.410000;57.102514;18.948967;3.222672;-0.099091;-0.046305;1.082838
7.420000;57.292165;18.981189;3.221679;-0.099553;-0.046100;1.079594
7.430000;57.482138;19.013401;3.220681;-0.100013;-0.045895;1.076360
7.440000;57.672433;19.045602;3.219679;-0.100471;-0.045691;1.073136
7.450000;57.863050;19.077794;3.218672;-0.100927;-0.045488;1.069921
7.460000;58.053989;19.109976;3.217660;-0.101381;-0.045286;1.066716
7.470000;58.245250;19.142147;3.216644;-0.101833;-0.045084;1.063521
7.480000;58.436832;19.174309;3.215624;-0.102283;-0.044883;1.060335
7.490000;58.628736;19.206460;3.214599;-0.102730;-0.044682;1.057159
7.500000;58.820961;19.238601;3.213569;-0.103176;-0.044482;1.053992
7.510000;59.013508;19.270731;3.212535;-0.103620;-0.044283;1.050835
7.520000;59.206376;19.302851;3.211497;-0.104062;-0.044084;1.047687
7.530000;59.399565;19.334961;3.210454;-0.104502;-0.043887;1.044549
7.540000;59.593075;19.367060;3.209407;-0.104940;-0.043689;1.041420
7.550000;59.786906;19.399149;3.208355;-0.105376;-0.043493;1.038300
7.560000;59.981058;19.431228;3.207299;-0.105810;-0.043297;1.035190
7.570000;60.175530;19.463295;3.206239;-0.106242;-0.043101;1.032089
7.580000;60.370324;19.495352;3.205174;-0.106672;-0.042907;1.028998
7.590000;60.565437;19.527399;3.204105;-0.107100;-0.042713;1.025915
7.600000;60.760872;19.559434;3.203032;-0.107526;-0.042519;1.022842
7.610000;60.956626;19.591459;3.201955;-0.107950;-0.042327;1.019778
7.620000;61.152701;19.623473;3.200873;-0.108372;-0.042134;1.016723
7.630000;61.349096;19.655477;3.199787;-0.108793;-0.041943;1.013678
7.640000;61.545810;19.687469;3.198697;-0.109211;-0.041752;1.010641
7.650000;61.742845;19.719451;3.197603;-0.109628;-0.041562;1.007614
7.660000;61.940199;19.751421;3.196505;-0.110042;-0.041372;1.004596
7.670000;62.137873;19.783381;3.195402;-0.110455;-0.041183;1.001586
7.680000;62.335867;19.815329;3.194296;-0.110866;-0.040995;0.998586
7.690000;62.534180;19.847267;3.193185;-0.111275;-0.040807;0.995595
7.700000;62.732812;19.879193;3.192070;-0.111682;-0.040620;0.992613
7.710000;62.931764;19.911108;3.190951;-0.112088;-0.040434;0.989639
7.720000;63.131034;19.943012;3.189829;-0.112491;-0.040248;0.986675
7.730000;63.330624;19.974905;3.188702;-0.112892;-0.040062;0.983719
7.740000;63.530532;20.006786;3.187571;-0.113292;-0.039878;0.980772
7.750000;63.730760;20.038656;3.186436;-0.113690;-0.039694;0.977834
7.760000;63.931305;20.070515;3.185297;-0.114086;-0.039510;0.974905
7.770000;64.132170;20.102362;3.184154;-0.114480;-0.039327;0.971985
7.780000;64.333353;20.134198;3.183007;-0.114873;-0.039145;0.969073
7.790000;64.534854;20.166022;3.181857;-0.115263;-0.038963;0.966171
7.800000;64.736673;20.197835;3.180702;-0.115652;-0.038782;0.963276
7.810000;64.938810;20.229636;3.179544;-0.116039;-0.038602;0.960391
7.820000;65.141266;20.261426;3.178381;-0.116424;-0.038422;0.957514
7.830000;65.344039;20.293204;3.177215;-0.116807;-0.038243;0.954646
7.840000;65.547130;20.324970;3.176045;-0.117189;-0.038064;0.951786
7.850000;65.750538;20.356725;3.174871;-0.117569;-0.037886;0.948935
7.860000;65.954264;20.388467;3.173694;-0.117947;-0.037709;0.946093
7.870000;66.158308;20.420198;3.172512;-0.118323;-0.037532;0.943259
7.880000;66.362668;20.451918;3.171327;-0.118697;-0.037356;0.940433
7.890000;66.567346;20.483625;3.170139;-0.119070;-0.037180;0.937616
7.900000;66.772341;20.515320;3.168946;-0.119441;-0.037005;0.934807
7.910000;66.977652;20.547004;3.167750;-0.119810;-0.036830;0.932007
7.920000;67.183281;20.578675;3.166550;-0.120177;-0.036656;0.929215
7.930000;67.389226;20.610335;3.165346;-0.120543;-0.036483;0.926432
7.940000;67.595487;20.641982;3.164139;-0.120907;-0.036310;0.923657
7.950000;67.802065;20.673618;3.162928;-0.121269;-0.036138;0.920890
7.960000;68.008960;20.705241;3.161714;-0.121630;-0.035966;0.918131
7.970000;68.216170;20.736852;3.160495;-0.121989;-0.035795;0.915381
7.980000;68.423697;20.768451;3.159274;-0.122346;-0.035624;0.912639
7.990000;68.631539;20.800037;3.158049;-0.122701;-0.035455;0.909905
8.000000;68.839697;20.831612;3.156820;-0.123055;-0.035285;0.907180
8.010000;69.048171;20.863174;3.155587;-0.123407;-0.035116;0.904462
8.020000;69.256961;20.894723;3.154352;-0.123757;-0.034948;0.901753
8.030000;69.466066;20.926261;3.153112;-0.124106;-0.034780;0.899052
8.040000;69.675486;20.957786;3.151870;-0.124453;-0.034613;0.896358
8.050000;69.885221;20.989298;3.150623;-0.124798;-0.034447;0.893673
8.060000;70.095272;21.020798;3.149374;-0.125142;-0.034280;0.890996
8.070000;70.305637;21.052286;3.148120;-0.125484;-0.034115;0.888327
8.080000;70.516317;21.083761;3.146864;-0.125824;-0.033950;0.885666
8.090000;70.727312;21.115223;3.145604;-0.126163;-0.033786;0.883013
8.100000;70.938622;21.146673;3.144341;-0.126500;-0.033622;0.880368
8.110000;71.150246;21.178110;3.143074;-0.126835;-0.033458;0.877731
8.120000;71.362184;21.209534;3.141804;-0.127169;-0.033296;0.875102
8.130000;71.574436;21.240946;3.140531;-0.127501;-0.033133;0.872481
8.140000;71.787003;21.272345;3.139254;-0.127832;-0.032972;0.869867
8.150000;71.999883;21.303731;3.137974;-0.128160;-0.032811;0.867261
8.160000;72.213077;21.335104;3.136691;-0.128488;-0.032650;0.864663
8.170000;72.426585;21.366465;3.135404;-0.128813;-0.032490;0.862073
8.180000;72.640407;21.397812;3.134114;-0.129138;-0.032330;0.859491
8.190000;72.854542;21.429147;3.132821;-0.129460;-0.032171;0.856916
8.200000;73.068990;21.460469;3.131525;-0.129781;-0.032013;0.854350
8.210000;73.283751;21.491777;3.130226;-0.130100;-0.031855;0.851790
8.220000;73.498825;21.523073;3.128923;-0.130418;-0.031698;0.849239
8.230000;73.714212;21.554356;3.127618;-0.130734;-0.031541;0.846695
8.240000;73.929912;21.585626;3.126309;-0.131049;-0.031384;0.844159
8.250000;74.145925;21.616882;3.124997;-0.131362;-0.031229;0.841630
8.260000;74.362250;21.648125;3.123681;-0.131673;-0.031073;0.839109
8.270000;74.578887;21.679356;3.122363;-0.131983;-0.030918;0.836595
8.280000;74.795837;21.710573;3.121042;-0.132292;-0.030764;0.834089
8.290000;75.013099;21.741776;3.119717;-0.132599;-0.030610;0.831591
8.300000;75.230672;21.772967;3.118390;-0.132904;-0.030457;0.829100
8.310000;75.448558;21.804144;3.117059;-0.133208;-0.030304;0.826616
8.320000;75.666755;21.835308;3.115726;-0.133510;-0.030152;0.824140
8.330000;75.885264;21.866459;3.114389;-0.133811;-0.030000;0.821671
8.340000;76.104084;21.897596;3.113049;-0.134110;-0.029849;0.819210
8.350000;76.323216;21.928720;3.111707;-0.134408;-0.029698;0.816756
8.360000;76.542659;21.959830;3.110361;-0.134704;-0.029548;0.814309
8.370000;76.762412;21.990927;3.109013;-0.134999;-0.029399;0.811870
8.380000;76.982477;22.022010;3.107661;-0.135292;-0.029249;0.809438
8.390000;77.202853;22.053080;3.106307;-0.135584;-0.029101;0.807013
8.400000;77.423539;22.084136;3.104950;-0.135874;-0.028953;0.804596
8.410000;77.644535;22.115179;3.103589;-0.136163;-0.028805;0.802186
8.420000;77.865842;22.146208;3.102226;-0.136450;-0.028658;0.799783
8.430000;78.087459;22.177224;3.100860;-0.136736;-0.028511;0.797387
8.440000;78.309387;22.208225;3.099492;-0.137020;-0.028365;0.794999
8.450000;78.531624;22.239214;3.098120;-0.137303;-0.028219;0.792617
8.460000;78.754171;22.270188;3.096746;-0.137585;-0.028074;0.790243
8.470000;78.977028;22.301148;3.095368;-0.137865;-0.027929;0.787876
8.480000;79.200194;22.332095;3.093988;-0.138143;-0.027785;0.785516
8.490000;79.423669;22.363028;3.092605;-0.138420;-0.027641;0.783163
8.500000;79.647454;22.393947;3.091220;-0.138696;-0.027498;0.780817
8.510000;79.871548;22.424853;3.089832;-0.138970;-0.027355;0.778478
8.520000;80.095951;22.455744;3.088440;-0.139243;-0.027213;0.776146
8.530000;80.320663;22.486621;3.087047;-0.139515;-0.027071;0.773821
8.540000;80.545684;22.517485;3.085650;-0.139785;-0.026929;0.771503
8.550000;80.771013;22.548334;3.084251;-0.140053;-0.026788;0.769192
8.560000;80.996650;22.579170;3.082849;-0.140320;-0.026648;0.766888
8.570000;81.222596;22.609991;3.081445;-0.140586;-0.026508;0.764590
8.580000;81.448850;22.640799;3.080037;-0.140851;-0.026369;0.762300
8.590000;81.675412;22.671592;3.078628;-0.141114;-0.026230;0.760017
8.600000;81.902282;22.702371;3.077215;-0.141375;-0.026091;0.757740
8.610000;82.129460;22.733136;3.075800;-0.141635;-0.025953;0.755470
8.620000;82.356945;22.763887;3.074382;-0.141894;-0.025815;0.753207
8.630000;82.584737;22.794624;3.072962;-0.142152;-0.025678;0.750951
8.640000;82.812837;22.825347;3.071539;-0.142408;-0.025542;0.748701
8.650000;83.041244;22.856055;3.070114;-0.142663;-0.025405;0.746459
8.660000;83.269958;22.886749;3.068686;-0.142916;-0.025270;0.744223
8.670000;83.498979;22.917428;3.067256;-0.143168;-0.025134;0.741993
8.680000;83.728307;22.948094;3.065823;-0.143419;-0.025000;0.739771
8.690000;83.957941;22.978745;3.064387;-0.143668;-0.024865;0.737555
8.700000;84.187882;23.009382;3.062949;-0.143916;-0.024731;0.735345
8.710000;84.418128;23.040004;3.061509;-0.144163;-0.024598;0.733143
8.720000;84.648682;23.070612;3.060066;-0.144408;-0.024465;0.730947
8.730000;84.879541;23.101205;3.058621;-0.144652;-0.024332;0.728757
8.740000;85.110706;23.131784;3.057173;-0.144895;-0.024200;0.726574
8.750000;85.342176;23.162349;3.055723;-0.145136;-0.024068;0.724398
8.760000;85.573953;23.192899;3.054270;-0.145376;-0.023937;0.722228
8.770000;85.806034;23.223434;3.052815;-0.145615;-0.023806;0.720064
8.780000;86.038421;23.253955;3.051358;-0.145852;-0.023676;0.717907
8.790000;86.271113;23.284461;3.049898;-0.146088;-0.023546;0.715757
8.800000;86.504110;23.314953;3.048436;-0.146323;-0.023417;0.713613
8.810000;86.737412;23.345430;3.046972;-0.146556;-0.023288;0.711475
8.820000;86.971019;23.375892;3.045505;-0.146789;-0.023159;0.709344
8.830000;87.204930;23.406340;3.044036;-0.147020;-0.023031;0.707219
8.840000;87.439146;23.436773;3.042565;-0.147249;-0.022903;0.705101
8.850000;87.673665;23.467191;3.041091;-0.147478;-0.022776;0.702988
8.860000;87.908489;23.497595;3.039615;-0.147705;-0.022649;0.700883
8.870000;88.143617;23.527984;3.038137;-0.147931;-0.022523;0.698783
8.880000;88.379049;23.558358;3.036657;-0.148155;-0.022397;0.696690
8.890000;88.614784;23.588717;3.035174;-0.148379;-0.022271;0.694603
8.900000;88.850823;23.619061;3.033689;-0.148601;-0.022146;0.692522
8.910000;89.087166;23.649391;3.032202;-0.148822;-0.022021;0.690448
8.920000;89.323811;23.679705;3.030713;-0.149041;-0.021897;0.688380
8.930000;89.560760;23.710005;3.029221;-0.149260;-0.021773;0.686318
8.940000;89.798011;23.740290;3.027728;-0.149477;-0.021650;0.684262
8.950000;90.035565;23.770559;3.026232;-0.149693;-0.021527;0.682212
8.960000;90.273422;23.800814;3.024734;-0.149907;-0.021404;0.680168
8.970000;90.511582;23.831054;3.023234;-0.150121;-0.021282;0.678131
8.980000;90.750043;23.861279;3.021731;-0.150333;-0.021160;0.676100
8.990000;90.988807;23.891489;3.020227;-0.150544;-0.021039;0.674074
9.000000;91.227873;23.921683;3.018720;-0.150754;-0.020918;0.672055
9.010000;91.467241;23.951863;3.017212;-0.150962;-0.020798;0.670042
9.020000;91.706910;23.982028;3.015701;-0.151170;-0.020678;0.668035
9.030000;91.946881;24.012177;3.014188;-0.151376;-0.020558;0.666034
9.040000;92.187154;24.042311;3.012674;-0.151581;-0.020439;0.664039
9.050000;92.427727;24.072431;3.011157;-0.151785;-0.020320;0.662050
9.060000;92.668602;24.102534;3.009638;-0.151987;-0.020201;0.660066
9.070000;92.909778;24.132623;3.008117;-0.152189;-0.020083;0.658089
9.080000;93.151255;24.162697;3.006594;-0.152389;-0.019966;0.656118
9.090000;93.393032;24.192755;3.005069;-0.152588;-0.019848;0.654152
9.100000;93.635110;24.222798;3.003542;-0.152786;-0.019731;0.652193
9.110000;93.877488;24.252826;3.002014;-0.152982;-0.019615;0.650239
9.120000;94.120166;24.282838;3.000483;-0.153178;-0.019499;0.648291
9.130000;94.363145;24.312836;2.998950;-0.153372;-0.019383;0.646349
9.140000;94.606423;24.342817;2.997415;-0.153566;-0.019268;0.644413
9.150000;94.850001;24.372784;2.995879;-0.153758;-0.019153;0.642483
9.160000;95.093879;24.402735;2.994340;-0.153949;-0.019039;0.640558
9.170000;95.338056;24.432671;2.992800;-0.154139;-0.018925;0.638640
9.180000;95.582532;24.462591;2.991257;-0.154327;-0.018811;0.636727
9.190000;95.827307;24.492496;2.989713;-0.154515;-0.018698;0.634819
9.200000;96.072382;24.522385;2.988167;-0.154701;-0.018585;0.632918
9.210000;96.317755;24.552259;2.986619;-0.154887;-0.018472;0.631022
9.220000;96.563427;24.582118;2.985069;-0.155071;-0.018360;0.629132
9.230000;96.809397;24.611961;2.983518;-0.155254;-0.018248;0.627247
9.240000;97.055666;24.641788;2.981964;-0.155436;-0.018137;0.625368
9.250000;97.302233;24.671600;2.980409;-0.155616;-0.018026;0.623495
9.260000;97.549098;24.701396;2.978852;-0.155796;-0.017915;0.621627
9.270000;97.796261;24.731177;2.977293;-0.155975;-0.017805;0.619765
9.280000;98.043721;24.760942;2.975733;-0.156152;-0.017695;0.617908
9.290000;98.291480;24.790692;2.974170;-0.156329;-0.017586;0.616058
9.300000;98.539535;24.820425;2.972606;-0.156504;-0.017477;0.614212
9.310000;98.787888;24.850144;2.971040;-0.156678;-0.017368;0.612372
9.320000;99.036538;24.879846;2.969472;-0.156851;-0.017260;0.610538
9.330000;99.285485;24.909533;2.967903;-0.157023;-0.017152;0.608709
9.340000;99.534729;24.939204;2.966332;-0.157194;-0.017044;0.606886
9.350000;99.784269;24.968860;2.964759;-0.157364;-0.016937;0.605068
9.360000;100.034106;24.998499;2.963185;-0.157533;-0.016830;0.603255
9.370000;100.284239;25.028123;2.961608;-0.157701;-0.016724;0.601448
9.380000;100.534668;25.057732;2.960031;-0.157868;-0.016618;0.599647
9.390000;100.785394;25.087324;2.958451;-0.158033;-0.016512;0.597850
9.400000;101.036415;25.116901;2.956870;-0.158198;-0.016407;0.596059
9.410000;101.287731;25.146461;2.955287;-0.158361;-0.016302;0.594274
9.420000;101.539344;25.176006;2.953703;-0.158524;-0.016197;0.592494
9.430000;101.791252;25.205535;2.952117;-0.158685;-0.016093;0.590719
9.440000;102.043454;25.235049;2.950529;-0.158846;-0.015989;0.588949
9.450000;102.295952;25.264546;2.948940;-0.159005;-0.015885;0.587185
9.460000;102.548745;25.294028;2.947349;-0.159163;-0.015782;0.585426
9.470000;102.801833;25.323493;2.945757;-0.159321;-0.015679;0.583673
9.480000;103.055215;25.352943;2.944163;-0.159477;-0.015577;0.581924
9.490000;103.308892;25.382376;2.942567;-0.159632;-0.015475;0.580181
9.500000;103.562863;25.411794;2.940970;-0.159787;-0.015373;0.578443
9.510000;103.817128;25.441196;2.939371;-0.159940;-0.015271;0.576710
9.520000;104.071686;25.470581;2.937771;-0.160092;-0.015170;0.574983
9.530000;104.326539;25.499951;2.936169;-0.160243;-0.015070;0.573261
9.540000;104.581685;25.529305;2.934566;-0.160393;-0.014969;0.571543
9.550000;104.837125;25.558642;2.932962;-0.160543;-0.014869;0.569831
9.560000;105.092858;25.587964;2.931355;-0.160691;-0.014770;0.568124
9.570000;105.348884;25.617270;2.929748;-0.160838;-0.014670;0.566423
9.580000;105.605204;25.646559;2.928139;-0.160984;-0.014571;0.564726
9.590000;105.861816;25.675832;2.926528;-0.161129;-0.014473;0.563034
9.600000;106.118720;25.705089;2.924916;-0.161274;-0.014374;0.561348
9.610000;106.375917;25.734331;2.923303;-0.161417;-0.014277;0.559666
9.620000;106.633407;25.763556;2.921688;-0.161559;-0.014179;0.557990
9.630000;106.891188;25.792764;2.920071;-0.161700;-0.014082;0.556318
9.640000;107.149262;25.821957;2.918454;-0.161841;-0.013985;0.554652
9.650000;107.407627;25.851133;2.916835;-0.161980;-0.013888;0.552990
9.660000;107.666285;25.880294;2.915214;-0.162119;-0.013792;0.551334
9.670000;107.925233;25.909438;2.913592;-0.162256;-0.013696;0.549682
9.680000;108.184473;25.938565;2.911969;-0.162392;-0.013600;0.548036
9.690000;108.444005;25.967677;2.910344;-0.162528;-0.013505;0.546394
9.700000;108.703827;25.996772;2.908718;-0.162663;-0.013410;0.544757
9.710000;108.963940;26.025851;2.907091;-0.162796;-0.013316;0.543125
9.720000;109.224344;26.054914;2.905463;-0.162929;-0.013221;0.541499
9.730000;109.485038;26.083961;2.903833;-0.163061;-0.013128;0.539876
9.740000;109.746023;26.112991;2.902201;-0.163191;-0.013034;0.538259
9.750000;110.007298;26.142005;2.900569;-0.163321;-0.012941;0.536647
9.760000;110.268863;26.171002;2.898935;-0.163450;-0.012848;0.535039
9.770000;110.530718;26.199983;2.897300;-0.163578;-0.012755;0.533437
9.780000;110.792863;26.228948;2.895663;-0.163705;-0.012663;0.531839
9.790000;111.055297;26.257897;2.894026;-0.163832;-0.012571;0.530246
9.800000;111.318020;26.286829;2.892387;-0.163957;-0.012479;0.528657
9.810000;111.581033;26.315744;2.890746;-0.164081;-0.012388;0.527074
9.820000;111.844335;26.344644;2.889105;-0.164205;-0.012297;0.525495
9.830000;112.107926;26.373526;2.887462;-0.164327;-0.012206;0.523921
9.840000;112.371806;26.402393;2.885819;-0.164449;-0.012116;0.522351
9.850000;112.635974;26.431243;2.884173;-0.164569;-0.012026;0.520787
9.860000;112.900431;26.460076;2.882527;-0.164689;-0.011936;0.519227
9.870000;113.165175;26.488893;2.880880;-0.164808;-0.011847;0.517671
9.880000;113.430208;26.517694;2.879231;-0.164926;-0.011758;0.516121
9.890000;113.695529;26.546478;2.877581;-0.165043;-0.011669;0.514575
9.900000;113.961138;26.575246;2.875930;-0.165160;-0.011580;0.513033
9.910000;114.227034;26.603997;2.874278;-0.165275;-0.011492;0.511496
9.920000;114.493218;26.632731;2.872625;-0.165389;-0.011404;0.509964
9.930000;114.759689;26.661449;2.870970;-0.165503;-0.011317;0.508437
9.940000;115.026447;26.690151;2.869315;-0.165616;-0.011230;0.506913
9.950000;115.293492;26.718835;2.867658;-0.165728;-0.011143;0.505395
9.960000;115.560823;26.747504;2.866000;-0.165839;-0.011056;0.503881
9.970000;115.828442;26.776155;2.864341;-0.165949;-0.010970;0.502372
9.980000;116.096346;26.804790;2.862681;-0.166058;-0.010884;0.500867
9.990000;116.364537;26.833409;2.861020;-0.166166;-0.010798;0.499367
10.000000;116.633015;26.862011;2.859358;-0.166274;-0.010713;0.497871
